"year","month","day","mode","route","peak","numerator","denominator"
2023,1,1,"Bus","1","OFF_PEAK",1063,1333
2023,1,1,"Bus","86","OFF_PEAK",251,357
2023,1,2,"Bus","1","OFF_PEAK",1064,1409
2023,1,2,"Bus","86","OFF_PEAK",294,364
2023,1,3,"Bus","1","OFF_PEAK",1088,1373
2023,1,3,"Bus","1","PEAK",270,336
2023,1,3,"Bus","86","OFF_PEAK",352,455
2023,1,3,"Bus","86","PEAK",176,228
2023,1,4,"Bus","1","OFF_PEAK",973,1271
2023,1,4,"Bus","1","PEAK",373,463
2023,1,4,"Bus","86","OFF_PEAK",394,475
2023,1,4,"Bus","86","PEAK",190,250
2023,1,5,"Bus","1","OFF_PEAK",969,1268
2023,1,5,"Bus","1","PEAK",295,384
2023,1,5,"Bus","86","OFF_PEAK",346,450
2023,1,5,"Bus","86","PEAK",170,234
2023,1,6,"Bus","1","OFF_PEAK",808,1082
2023,1,6,"Bus","1","PEAK",235,302
2023,1,6,"Bus","86","OFF_PEAK",379,469
2023,1,6,"Bus","86","PEAK",193,232
2023,1,7,"Bus","1","OFF_PEAK",1482,1897
2023,1,7,"Bus","86","OFF_PEAK",396,529
2023,1,8,"Bus","1","OFF_PEAK",1055,1315
2023,1,8,"Bus","86","OFF_PEAK",302,364
2023,1,9,"Bus","1","OFF_PEAK",1023,1386
2023,1,9,"Bus","1","PEAK",322,421
2023,1,9,"Bus","86","OFF_PEAK",388,488
2023,1,9,"Bus","86","PEAK",211,266
2023,1,10,"Bus","1","OFF_PEAK",889,1140
2023,1,10,"Bus","1","PEAK",211,289
2023,1,10,"Bus","86","OFF_PEAK",365,465
2023,1,10,"Bus","86","PEAK",219,279
2023,1,11,"Bus","1","OFF_PEAK",1137,1434
2023,1,11,"Bus","1","PEAK",325,420
2023,1,11,"Bus","86","OFF_PEAK",369,485
2023,1,11,"Bus","86","PEAK",229,295
2023,1,12,"Bus","1","OFF_PEAK",981,1303
2023,1,12,"Bus","1","PEAK",302,417
2023,1,12,"Bus","86","OFF_PEAK",373,483
2023,1,12,"Bus","86","PEAK",207,274
2023,1,13,"Bus","1","OFF_PEAK",938,1236
2023,1,13,"Bus","1","PEAK",259,353
2023,1,13,"Bus","86","OFF_PEAK",346,472
2023,1,13,"Bus","86","PEAK",227,295
2023,1,14,"Bus","1","OFF_PEAK",1509,1909
2023,1,14,"Bus","86","OFF_PEAK",385,530
2023,1,15,"Bus","1","OFF_PEAK",1135,1424
2023,1,15,"Bus","86","OFF_PEAK",278,364
2023,1,16,"Bus","1","OFF_PEAK",1385,1824
2023,1,16,"Bus","86","OFF_PEAK",335,517
2023,1,17,"Bus","1","OFF_PEAK",1130,1469
2023,1,17,"Bus","1","PEAK",318,423
2023,1,17,"Bus","86","OFF_PEAK",367,483
2023,1,17,"Bus","86","PEAK",197,256
2023,1,18,"Bus","1","OFF_PEAK",978,1313
2023,1,18,"Bus","1","PEAK",250,348
2023,1,18,"Bus","86","OFF_PEAK",391,492
2023,1,18,"Bus","86","PEAK",235,296
2023,1,19,"Bus","1","OFF_PEAK",1166,1515
2023,1,19,"Bus","1","PEAK",373,516
2023,1,19,"Bus","86","OFF_PEAK",357,477
2023,1,19,"Bus","86","PEAK",196,265
2023,1,20,"Bus","1","OFF_PEAK",919,1195
2023,1,20,"Bus","1","PEAK",328,425
2023,1,20,"Bus","86","OFF_PEAK",339,468
2023,1,20,"Bus","86","PEAK",189,242
2023,1,21,"Bus","1","OFF_PEAK",1342,1751
2023,1,21,"Bus","86","OFF_PEAK",394,516
2023,1,22,"Bus","1","OFF_PEAK",1075,1429
2023,1,22,"Bus","86","OFF_PEAK",260,363
2023,1,23,"Bus","1","OFF_PEAK",969,1341
2023,1,23,"Bus","1","PEAK",344,447
2023,1,23,"Bus","86","OFF_PEAK",355,490
2023,1,23,"Bus","86","PEAK",223,279
2023,1,24,"Bus","1","OFF_PEAK",1039,1369
2023,1,24,"Bus","1","PEAK",279,392
2023,1,24,"Bus","86","OFF_PEAK",324,495
2023,1,24,"Bus","86","PEAK",193,282
2023,1,26,"Bus","1","OFF_PEAK",894,1165
2023,1,26,"Bus","1","PEAK",239,341
2023,1,26,"Bus","86","OFF_PEAK",361,497
2023,1,26,"Bus","86","PEAK",201,284
2023,1,27,"Bus","1","OFF_PEAK",850,1234
2023,1,27,"Bus","1","PEAK",308,405
2023,1,27,"Bus","86","OFF_PEAK",323,459
2023,1,27,"Bus","86","PEAK",191,241
2023,1,28,"Bus","1","OFF_PEAK",1346,1843
2023,1,28,"Bus","86","OFF_PEAK",314,528
2023,1,29,"Bus","1","OFF_PEAK",1054,1374
2023,1,29,"Bus","86","OFF_PEAK",223,364
2023,1,30,"Bus","1","OFF_PEAK",1021,1363
2023,1,30,"Bus","1","PEAK",324,410
2023,1,30,"Bus","86","OFF_PEAK",387,498
2023,1,30,"Bus","86","PEAK",207,284
2023,1,31,"Bus","1","OFF_PEAK",1052,1391
2023,1,31,"Bus","1","PEAK",322,449
2023,1,31,"Bus","86","OFF_PEAK",349,477
2023,1,31,"Bus","86","PEAK",172,246
2023,2,1,"Bus","1","OFF_PEAK",1018,1328
2023,2,1,"Bus","1","PEAK",264,347
2023,2,1,"Bus","86","OFF_PEAK",348,479
2023,2,1,"Bus","86","PEAK",205,270
2023,2,2,"Bus","1","OFF_PEAK",816,1150
2023,2,2,"Bus","1","PEAK",224,301
2023,2,2,"Bus","86","OFF_PEAK",356,459
2023,2,2,"Bus","86","PEAK",181,255
2023,2,3,"Bus","1","OFF_PEAK",790,1054
2023,2,3,"Bus","1","PEAK",253,334
2023,2,3,"Bus","86","OFF_PEAK",339,447
2023,2,3,"Bus","86","PEAK",188,218
2023,2,4,"Bus","1","OFF_PEAK",1148,1503
2023,2,4,"Bus","86","OFF_PEAK",362,527
2023,2,5,"Bus","1","OFF_PEAK",954,1256
2023,2,5,"Bus","86","OFF_PEAK",199,350
2023,2,6,"Bus","1","OFF_PEAK",1032,1378
2023,2,6,"Bus","1","PEAK",293,418
2023,2,6,"Bus","86","OFF_PEAK",354,494
2023,2,6,"Bus","86","PEAK",197,261
2023,2,7,"Bus","1","OFF_PEAK",1043,1362
2023,2,7,"Bus","1","PEAK",350,439
2023,2,7,"Bus","86","OFF_PEAK",336,477
2023,2,7,"Bus","86","PEAK",192,269
2023,2,8,"Bus","1","OFF_PEAK",1027,1367
2023,2,8,"Bus","1","PEAK",294,377
2023,2,8,"Bus","86","OFF_PEAK",346,470
2023,2,8,"Bus","86","PEAK",175,257
2023,2,9,"Bus","1","OFF_PEAK",976,1291
2023,2,9,"Bus","1","PEAK",344,434
2023,2,9,"Bus","86","OFF_PEAK",332,486
2023,2,9,"Bus","86","PEAK",188,264
2023,2,10,"Bus","1","OFF_PEAK",751,1090
2023,2,10,"Bus","1","PEAK",262,344
2023,2,10,"Bus","86","OFF_PEAK",342,500
2023,2,10,"Bus","86","PEAK",219,295
2023,2,11,"Bus","1","OFF_PEAK",1336,1725
2023,2,11,"Bus","86","OFF_PEAK",333,528
2023,2,12,"Bus","1","OFF_PEAK",984,1310
2023,2,12,"Bus","86","OFF_PEAK",254,359
2023,2,13,"Bus","1","OFF_PEAK",918,1213
2023,2,13,"Bus","1","PEAK",260,365
2023,2,13,"Bus","86","OFF_PEAK",341,470
2023,2,13,"Bus","86","PEAK",174,240
2023,2,14,"Bus","1","OFF_PEAK",840,1127
2023,2,14,"Bus","1","PEAK",222,303
2023,2,14,"Bus","86","OFF_PEAK",324,464
2023,2,14,"Bus","86","PEAK",173,254
2023,2,15,"Bus","1","OFF_PEAK",832,1089
2023,2,15,"Bus","1","PEAK",200,277
2023,2,15,"Bus","86","OFF_PEAK",358,498
2023,2,15,"Bus","86","PEAK",231,295
2023,2,16,"Bus","1","OFF_PEAK",1046,1389
2023,2,16,"Bus","1","PEAK",369,505
2023,2,16,"Bus","86","OFF_PEAK",344,483
2023,2,16,"Bus","86","PEAK",213,259
2023,2,17,"Bus","1","OFF_PEAK",895,1257
2023,2,17,"Bus","1","PEAK",285,393
2023,2,17,"Bus","86","OFF_PEAK",355,489
2023,2,17,"Bus","86","PEAK",228,294
2023,2,18,"Bus","1","OFF_PEAK",1430,1897
2023,2,18,"Bus","86","OFF_PEAK",325,531
2023,2,19,"Bus","1","OFF_PEAK",1011,1345
2023,2,19,"Bus","86","OFF_PEAK",228,351
2023,2,20,"Bus","1","OFF_PEAK",1564,2014
2023,2,20,"Bus","86","OFF_PEAK",369,527
2023,2,21,"Bus","1","OFF_PEAK",1094,1507
2023,2,21,"Bus","1","PEAK",346,458
2023,2,21,"Bus","86","OFF_PEAK",362,486
2023,2,21,"Bus","86","PEAK",203,266
2023,2,22,"Bus","1","OFF_PEAK",974,1344
2023,2,22,"Bus","1","PEAK",239,337
2023,2,22,"Bus","86","OFF_PEAK",365,484
2023,2,22,"Bus","86","PEAK",202,264
2023,2,23,"Bus","1","OFF_PEAK",919,1184
2023,2,23,"Bus","1","PEAK",266,346
2023,2,23,"Bus","86","OFF_PEAK",313,447
2023,2,23,"Bus","86","PEAK",179,246
2023,2,24,"Bus","1","OFF_PEAK",823,1175
2023,2,24,"Bus","1","PEAK",141,194
2023,2,24,"Bus","86","OFF_PEAK",265,440
2023,2,24,"Bus","86","PEAK",140,225
2023,2,25,"Bus","1","OFF_PEAK",1408,1923
2023,2,25,"Bus","86","OFF_PEAK",354,527
2023,2,26,"Bus","1","OFF_PEAK",1072,1418
2023,2,26,"Bus","86","OFF_PEAK",232,342
2023,2,27,"Bus","1","OFF_PEAK",973,1234
2023,2,27,"Bus","1","PEAK",303,362
2023,2,27,"Bus","86","OFF_PEAK",388,498
2023,2,27,"Bus","86","PEAK",195,284
2023,2,28,"Bus","1","OFF_PEAK",964,1227
2023,2,28,"Bus","1","PEAK",323,401
2023,2,28,"Bus","86","OFF_PEAK",345,466
2023,2,28,"Bus","86","PEAK",207,264
2023,3,1,"Bus","1","OFF_PEAK",878,1234
2023,3,1,"Bus","1","PEAK",300,402
2023,3,1,"Bus","86","OFF_PEAK",314,485
2023,3,1,"Bus","86","PEAK",215,286
2023,3,2,"Bus","1","OFF_PEAK",988,1329
2023,3,2,"Bus","1","PEAK",384,474
2023,3,2,"Bus","86","OFF_PEAK",347,499
2023,3,2,"Bus","86","PEAK",209,279
2023,3,3,"Bus","1","OFF_PEAK",823,1171
2023,3,3,"Bus","1","PEAK",227,300
2023,3,3,"Bus","86","OFF_PEAK",323,483
2023,3,3,"Bus","86","PEAK",223,296
2023,3,4,"Bus","1","OFF_PEAK",1427,1856
2023,3,4,"Bus","86","OFF_PEAK",331,518
2023,3,5,"Bus","1","OFF_PEAK",909,1282
2023,3,5,"Bus","86","OFF_PEAK",230,364
2023,3,6,"Bus","1","OFF_PEAK",866,1232
2023,3,6,"Bus","1","PEAK",282,366
2023,3,6,"Bus","86","OFF_PEAK",372,499
2023,3,6,"Bus","86","PEAK",221,293
2023,3,7,"Bus","1","OFF_PEAK",1095,1425
2023,3,7,"Bus","1","PEAK",295,414
2023,3,7,"Bus","86","OFF_PEAK",363,479
2023,3,7,"Bus","86","PEAK",196,272
2023,3,8,"Bus","1","OFF_PEAK",997,1308
2023,3,8,"Bus","1","PEAK",268,378
2023,3,8,"Bus","86","OFF_PEAK",367,491
2023,3,8,"Bus","86","PEAK",202,278
2023,3,9,"Bus","1","OFF_PEAK",707,1000
2023,3,9,"Bus","1","PEAK",249,344
2023,3,9,"Bus","86","OFF_PEAK",375,494
2023,3,9,"Bus","86","PEAK",221,281
2023,3,10,"Bus","1","OFF_PEAK",690,978
2023,3,10,"Bus","1","PEAK",257,353
2023,3,10,"Bus","86","OFF_PEAK",333,464
2023,3,10,"Bus","86","PEAK",197,266
2023,3,12,"Bus","1","OFF_PEAK",753,980
2023,3,12,"Bus","86","OFF_PEAK",245,363
2023,3,13,"Bus","1","OFF_PEAK",1158,1555
2023,3,13,"Bus","1","PEAK",370,473
2023,3,13,"Bus","86","OFF_PEAK",348,444
2023,3,13,"Bus","86","PEAK",209,255
2023,3,14,"Bus","1","OFF_PEAK",1138,1424
2023,3,14,"Bus","1","PEAK",303,379
2023,3,14,"Bus","86","OFF_PEAK",350,448
2023,3,14,"Bus","86","PEAK",198,243
2023,3,15,"Bus","1","OFF_PEAK",1038,1310
2023,3,15,"Bus","1","PEAK",287,379
2023,3,15,"Bus","86","OFF_PEAK",365,486
2023,3,15,"Bus","86","PEAK",216,289
2023,3,16,"Bus","1","OFF_PEAK",1078,1452
2023,3,16,"Bus","1","PEAK",387,540
2023,3,16,"Bus","86","OFF_PEAK",338,499
2023,3,16,"Bus","86","PEAK",216,296
2023,3,17,"Bus","1","OFF_PEAK",1112,1480
2023,3,17,"Bus","1","PEAK",347,487
2023,3,17,"Bus","86","OFF_PEAK",340,483
2023,3,17,"Bus","86","PEAK",184,249
2023,3,18,"Bus","1","OFF_PEAK",1283,1777
2023,3,18,"Bus","86","OFF_PEAK",312,529
2023,3,19,"Bus","1","OFF_PEAK",967,1213
2023,3,19,"Bus","86","OFF_PEAK",221,336
2023,3,20,"Bus","1","OFF_PEAK",1167,1492
2023,3,20,"Bus","1","PEAK",348,453
2023,3,20,"Bus","86","OFF_PEAK",360,484
2023,3,20,"Bus","86","PEAK",193,283
2023,3,21,"Bus","1","OFF_PEAK",1084,1422
2023,3,21,"Bus","1","PEAK",342,490
2023,3,21,"Bus","86","OFF_PEAK",354,499
2023,3,21,"Bus","86","PEAK",200,283
2023,3,23,"Bus","1","OFF_PEAK",1139,1587
2023,3,23,"Bus","1","PEAK",414,541
2023,3,23,"Bus","86","OFF_PEAK",341,500
2023,3,23,"Bus","86","PEAK",217,297
2023,3,24,"Bus","1","OFF_PEAK",1136,1528
2023,3,24,"Bus","1","PEAK",365,484
2023,3,24,"Bus","86","OFF_PEAK",326,498
2023,3,24,"Bus","86","PEAK",220,297
2023,3,25,"Bus","1","OFF_PEAK",1123,1640
2023,3,25,"Bus","86","OFF_PEAK",329,530
2023,3,26,"Bus","1","OFF_PEAK",880,1217
2023,3,26,"Bus","86","OFF_PEAK",146,364
2023,3,27,"Bus","1","OFF_PEAK",1081,1432
2023,3,27,"Bus","1","PEAK",333,446
2023,3,27,"Bus","86","OFF_PEAK",352,488
2023,3,27,"Bus","86","PEAK",223,295
2023,3,28,"Bus","1","OFF_PEAK",1058,1387
2023,3,28,"Bus","1","PEAK",385,501
2023,3,28,"Bus","86","OFF_PEAK",362,486
2023,3,28,"Bus","86","PEAK",212,279
2023,3,29,"Bus","1","OFF_PEAK",1107,1454
2023,3,29,"Bus","1","PEAK",361,461
2023,3,29,"Bus","86","OFF_PEAK",333,480
2023,3,29,"Bus","86","PEAK",169,239
2023,3,30,"Bus","1","OFF_PEAK",782,1079
2023,3,30,"Bus","1","PEAK",233,301
2023,3,30,"Bus","86","OFF_PEAK",332,493
2023,3,30,"Bus","86","PEAK",208,277
2023,3,31,"Bus","1","OFF_PEAK",822,1127
2023,3,31,"Bus","1","PEAK",311,414
2023,3,31,"Bus","86","OFF_PEAK",312,498
2023,3,31,"Bus","86","PEAK",199,288
2023,4,1,"Bus","1","OFF_PEAK",1241,1711
2023,4,1,"Bus","86","OFF_PEAK",327,531
2023,4,2,"Bus","1","OFF_PEAK",983,1287
2023,4,2,"Bus","86","OFF_PEAK",219,364
2023,4,3,"Bus","1","OFF_PEAK",1094,1468
2023,4,3,"Bus","1","PEAK",343,437
2023,4,3,"Bus","86","OFF_PEAK",358,500
2023,4,3,"Bus","86","PEAK",223,296
2023,4,4,"Bus","1","OFF_PEAK",949,1304
2023,4,4,"Bus","1","PEAK",262,353
2023,4,4,"Bus","86","OFF_PEAK",338,497
2023,4,4,"Bus","86","PEAK",233,298
2023,4,5,"Bus","1","OFF_PEAK",1121,1472
2023,4,5,"Bus","1","PEAK",318,455
2023,4,5,"Bus","86","OFF_PEAK",297,474
2023,4,5,"Bus","86","PEAK",191,278
2023,4,6,"Bus","1","OFF_PEAK",1012,1386
2023,4,6,"Bus","1","PEAK",316,480
2023,4,6,"Bus","86","OFF_PEAK",312,498
2023,4,6,"Bus","86","PEAK",213,298
2023,4,7,"Bus","1","OFF_PEAK",908,1204
2023,4,7,"Bus","1","PEAK",260,355
2023,4,7,"Bus","86","OFF_PEAK",295,464
2023,4,7,"Bus","86","PEAK",167,233
2023,4,8,"Bus","1","OFF_PEAK",1249,1791
2023,4,8,"Bus","86","OFF_PEAK",294,530
2023,4,9,"Bus","1","OFF_PEAK",1075,1386
2023,4,9,"Bus","86","OFF_PEAK",259,364
2023,4,10,"Bus","1","OFF_PEAK",1135,1546
2023,4,10,"Bus","1","PEAK",358,464
2023,4,10,"Bus","86","OFF_PEAK",359,495
2023,4,10,"Bus","86","PEAK",197,259
2023,4,11,"Bus","1","OFF_PEAK",1047,1500
2023,4,11,"Bus","1","PEAK",349,477
2023,4,11,"Bus","86","OFF_PEAK",323,474
2023,4,11,"Bus","86","PEAK",188,251
2023,4,12,"Bus","1","OFF_PEAK",1019,1403
2023,4,12,"Bus","1","PEAK",376,493
2023,4,12,"Bus","86","OFF_PEAK",263,462
2023,4,12,"Bus","86","PEAK",165,236
2023,4,13,"Bus","1","OFF_PEAK",938,1269
2023,4,13,"Bus","1","PEAK",318,420
2023,4,13,"Bus","86","OFF_PEAK",269,484
2023,4,13,"Bus","86","PEAK",201,280
2023,4,14,"Bus","1","OFF_PEAK",927,1284
2023,4,14,"Bus","1","PEAK",301,409
2023,4,14,"Bus","86","OFF_PEAK",289,487
2023,4,14,"Bus","86","PEAK",200,272
2023,4,15,"Bus","1","OFF_PEAK",1146,1631
2023,4,15,"Bus","86","OFF_PEAK",326,522
2023,4,16,"Bus","1","OFF_PEAK",1102,1428
2023,4,16,"Bus","86","OFF_PEAK",225,364
2023,4,17,"Bus","1","OFF_PEAK",1394,1851
2023,4,17,"Bus","86","OFF_PEAK",276,509
2023,4,18,"Bus","1","OFF_PEAK",1107,1487
2023,4,18,"Bus","1","PEAK",365,484
2023,4,18,"Bus","86","OFF_PEAK",320,478
2023,4,18,"Bus","86","PEAK",200,270
2023,4,20,"Bus","1","OFF_PEAK",861,1137
2023,4,20,"Bus","1","PEAK",247,340
2023,4,20,"Bus","86","OFF_PEAK",306,477
2023,4,20,"Bus","86","PEAK",177,250
2023,4,21,"Bus","1","OFF_PEAK",838,1133
2023,4,21,"Bus","1","PEAK",272,365
2023,4,21,"Bus","86","OFF_PEAK",298,471
2023,4,21,"Bus","86","PEAK",166,221
2023,4,22,"Bus","1","OFF_PEAK",1307,1842
2023,4,22,"Bus","86","OFF_PEAK",322,531
2023,4,23,"Bus","1","OFF_PEAK",992,1295
2023,4,23,"Bus","86","OFF_PEAK",224,357
2023,4,24,"Bus","1","OFF_PEAK",967,1255
2023,4,24,"Bus","1","PEAK",310,405
2023,4,24,"Bus","86","OFF_PEAK",360,499
2023,4,24,"Bus","86","PEAK",224,295
2023,4,25,"Bus","1","OFF_PEAK",991,1411
2023,4,25,"Bus","1","PEAK",368,463
2023,4,25,"Bus","86","OFF_PEAK",341,499
2023,4,25,"Bus","86","PEAK",224,295
2023,4,26,"Bus","1","OFF_PEAK",1061,1424
2023,4,26,"Bus","1","PEAK",346,496
2023,4,26,"Bus","86","OFF_PEAK",295,491
2023,4,26,"Bus","86","PEAK",216,294
2023,4,27,"Bus","1","OFF_PEAK",723,1014
2023,4,27,"Bus","1","PEAK",273,396
2023,4,27,"Bus","86","OFF_PEAK",333,493
2023,4,27,"Bus","86","PEAK",165,280
2023,4,28,"Bus","1","OFF_PEAK",916,1262
2023,4,28,"Bus","1","PEAK",254,308
2023,4,28,"Bus","86","OFF_PEAK",255,465
2023,4,28,"Bus","86","PEAK",190,265
2023,4,29,"Bus","1","OFF_PEAK",1161,1629
2023,4,29,"Bus","86","OFF_PEAK",335,528
2023,4,30,"Bus","1","OFF_PEAK",1037,1421
2023,4,30,"Bus","86","OFF_PEAK",246,364
2023,5,1,"Bus","1","OFF_PEAK",829,1184
2023,5,1,"Bus","1","PEAK",180,248
2023,5,1,"Bus","86","OFF_PEAK",360,497
2023,5,1,"Bus","86","PEAK",209,292
2023,5,2,"Bus","1","OFF_PEAK",1111,1443
2023,5,2,"Bus","1","PEAK",345,472
2023,5,2,"Bus","86","OFF_PEAK",358,497
2023,5,2,"Bus","86","PEAK",208,298
2023,5,3,"Bus","1","OFF_PEAK",825,1144
2023,5,3,"Bus","1","PEAK",275,383
2023,5,3,"Bus","86","OFF_PEAK",311,491
2023,5,3,"Bus","86","PEAK",214,292
2023,5,4,"Bus","1","OFF_PEAK",1015,1335
2023,5,4,"Bus","1","PEAK",296,389
2023,5,4,"Bus","86","OFF_PEAK",324,484
2023,5,4,"Bus","86","PEAK",182,269
2023,5,5,"Bus","1","OFF_PEAK",762,1117
2023,5,5,"Bus","1","PEAK",304,394
2023,5,5,"Bus","86","OFF_PEAK",320,497
2023,5,5,"Bus","86","PEAK",220,292
2023,5,6,"Bus","1","OFF_PEAK",906,1282
2023,5,6,"Bus","86","OFF_PEAK",306,532
2023,5,7,"Bus","1","OFF_PEAK",903,1217
2023,5,7,"Bus","86","OFF_PEAK",106,361
2023,5,8,"Bus","1","OFF_PEAK",981,1379
2023,5,8,"Bus","1","PEAK",302,415
2023,5,8,"Bus","86","OFF_PEAK",329,476
2023,5,8,"Bus","86","PEAK",192,279
2023,5,9,"Bus","1","OFF_PEAK",631,873
2023,5,9,"Bus","1","PEAK",185,262
2023,5,9,"Bus","86","OFF_PEAK",320,500
2023,5,9,"Bus","86","PEAK",213,298
2023,5,10,"Bus","1","OFF_PEAK",886,1201
2023,5,10,"Bus","1","PEAK",265,368
2023,5,10,"Bus","86","OFF_PEAK",312,497
2023,5,10,"Bus","86","PEAK",210,295
2023,5,11,"Bus","1","OFF_PEAK",920,1232
2023,5,11,"Bus","1","PEAK",294,398
2023,5,11,"Bus","86","OFF_PEAK",290,499
2023,5,11,"Bus","86","PEAK",181,298
2023,5,12,"Bus","1","OFF_PEAK",846,1143
2023,5,12,"Bus","1","PEAK",269,344
2023,5,12,"Bus","86","OFF_PEAK",312,497
2023,5,12,"Bus","86","PEAK",199,294
2023,5,13,"Bus","1","OFF_PEAK",906,1310
2023,5,13,"Bus","86","OFF_PEAK",259,503
2023,5,14,"Bus","1","OFF_PEAK",666,930
2023,5,14,"Bus","86","OFF_PEAK",167,363
2023,5,15,"Bus","1","OFF_PEAK",1122,1469
2023,5,15,"Bus","1","PEAK",323,414
2023,5,15,"Bus","86","OFF_PEAK",349,476
2023,5,15,"Bus","86","PEAK",192,263
2023,5,16,"Bus","1","OFF_PEAK",967,1272
2023,5,16,"Bus","1","PEAK",301,390
2023,5,16,"Bus","86","OFF_PEAK",334,500
2023,5,16,"Bus","86","PEAK",210,298
2023,5,17,"Bus","1","OFF_PEAK",1031,1423
2023,5,17,"Bus","1","PEAK",324,435
2023,5,17,"Bus","86","OFF_PEAK",264,471
2023,5,17,"Bus","86","PEAK",173,252
2023,5,18,"Bus","1","OFF_PEAK",1003,1319
2023,5,18,"Bus","1","PEAK",288,421
2023,5,18,"Bus","86","OFF_PEAK",292,489
2023,5,18,"Bus","86","PEAK",192,295
2023,5,19,"Bus","1","OFF_PEAK",911,1256
2023,5,19,"Bus","1","PEAK",246,342
2023,5,19,"Bus","86","OFF_PEAK",273,457
2023,5,19,"Bus","86","PEAK",186,243
2023,5,20,"Bus","1","OFF_PEAK",1375,1822
2023,5,20,"Bus","86","OFF_PEAK",311,515
2023,5,21,"Bus","1","OFF_PEAK",803,1058
2023,5,21,"Bus","86","OFF_PEAK",149,364
2023,5,22,"Bus","1","OFF_PEAK",848,1164
2023,5,22,"Bus","1","PEAK",243,328
2023,5,22,"Bus","86","OFF_PEAK",342,482
2023,5,22,"Bus","86","PEAK",197,279
2023,5,23,"Bus","1","OFF_PEAK",952,1325
2023,5,23,"Bus","1","PEAK",281,388
2023,5,23,"Bus","86","OFF_PEAK",347,497
2023,5,23,"Bus","86","PEAK",221,298
2023,5,24,"Bus","1","OFF_PEAK",656,916
2023,5,24,"Bus","1","PEAK",218,341
2023,5,24,"Bus","86","OFF_PEAK",238,446
2023,5,24,"Bus","86","PEAK",163,253
2023,5,25,"Bus","1","OFF_PEAK",759,1025
2023,5,25,"Bus","1","PEAK",251,370
2023,5,25,"Bus","86","OFF_PEAK",241,443
2023,5,25,"Bus","86","PEAK",103,241
2023,5,26,"Bus","1","OFF_PEAK",875,1248
2023,5,26,"Bus","1","PEAK",345,445
2023,5,26,"Bus","86","OFF_PEAK",217,433
2023,5,26,"Bus","86","PEAK",169,255
2023,5,27,"Bus","1","OFF_PEAK",1174,1553
2023,5,27,"Bus","86","OFF_PEAK",241,482
2023,5,28,"Bus","1","OFF_PEAK",996,1326
2023,5,28,"Bus","86","OFF_PEAK",162,350
2023,5,29,"Bus","1","OFF_PEAK",971,1320
2023,5,29,"Bus","86","OFF_PEAK",251,364
2023,5,30,"Bus","1","OFF_PEAK",1093,1451
2023,5,30,"Bus","1","PEAK",326,428
2023,5,30,"Bus","86","OFF_PEAK",336,497
2023,5,30,"Bus","86","PEAK",227,298
2023,5,31,"Bus","1","OFF_PEAK",846,1244
2023,5,31,"Bus","1","PEAK",267,375
2023,5,31,"Bus","86","OFF_PEAK",277,459
2023,5,31,"Bus","86","PEAK",160,244
2023,6,1,"Bus","1","OFF_PEAK",609,770
2023,6,1,"Bus","1","PEAK",166,238
2023,6,1,"Bus","86","OFF_PEAK",194,376
2023,6,1,"Bus","86","PEAK",113,173
2023,6,2,"Bus","1","OFF_PEAK",624,878
2023,6,2,"Bus","1","PEAK",216,290
2023,6,2,"Bus","86","OFF_PEAK",272,456
2023,6,2,"Bus","86","PEAK",202,253
2023,6,3,"Bus","1","OFF_PEAK",1261,1602
2023,6,3,"Bus","86","OFF_PEAK",333,528
2023,6,4,"Bus","1","OFF_PEAK",1043,1380
2023,6,4,"Bus","86","OFF_PEAK",189,364
2023,6,5,"Bus","1","OFF_PEAK",851,1208
2023,6,5,"Bus","1","PEAK",281,379
2023,6,5,"Bus","86","OFF_PEAK",376,480
2023,6,5,"Bus","86","PEAK",195,272
2023,6,6,"Bus","1","OFF_PEAK",873,1254
2023,6,6,"Bus","1","PEAK",194,320
2023,6,6,"Bus","86","OFF_PEAK",269,447
2023,6,6,"Bus","86","PEAK",170,219
2023,6,7,"Bus","1","OFF_PEAK",949,1278
2023,6,7,"Bus","1","PEAK",252,383
2023,6,7,"Bus","86","OFF_PEAK",311,493
2023,6,7,"Bus","86","PEAK",195,272
2023,6,8,"Bus","1","OFF_PEAK",702,1040
2023,6,8,"Bus","1","PEAK",216,286
2023,6,8,"Bus","86","OFF_PEAK",322,487
2023,6,8,"Bus","86","PEAK",185,268
2023,6,9,"Bus","1","OFF_PEAK",710,1031
2023,6,9,"Bus","1","PEAK",198,277
2023,6,9,"Bus","86","OFF_PEAK",237,398
2023,6,9,"Bus","86","PEAK",124,170
2023,6,10,"Bus","1","OFF_PEAK",904,1278
2023,6,10,"Bus","86","OFF_PEAK",340,530
2023,6,11,"Bus","1","OFF_PEAK",1120,1429
2023,6,11,"Bus","86","OFF_PEAK",182,363
2023,6,12,"Bus","1","OFF_PEAK",702,983
2023,6,12,"Bus","1","PEAK",220,297
2023,6,12,"Bus","86","OFF_PEAK",312,416
2023,6,12,"Bus","86","PEAK",151,187
2023,6,13,"Bus","1","OFF_PEAK",600,855
2023,6,13,"Bus","1","PEAK",232,307
2023,6,13,"Bus","86","OFF_PEAK",342,484
2023,6,13,"Bus","86","PEAK",175,236
2023,6,14,"Bus","1","OFF_PEAK",822,1115
2023,6,14,"Bus","1","PEAK",232,343
2023,6,14,"Bus","86","OFF_PEAK",257,437
2023,6,14,"Bus","86","PEAK",141,217
2023,6,15,"Bus","1","OFF_PEAK",813,1085
2023,6,15,"Bus","1","PEAK",253,354
2023,6,15,"Bus","86","OFF_PEAK",239,418
2023,6,15,"Bus","86","PEAK",127,214
2023,6,16,"Bus","1","OFF_PEAK",863,1170
2023,6,16,"Bus","1","PEAK",242,337
2023,6,16,"Bus","86","OFF_PEAK",289,441
2023,6,16,"Bus","86","PEAK",200,259
2023,6,17,"Bus","1","OFF_PEAK",1144,1533
2023,6,17,"Bus","86","OFF_PEAK",302,527
2023,6,18,"Bus","1","OFF_PEAK",1053,1369
2023,6,18,"Bus","86","OFF_PEAK",170,363
2023,6,19,"Bus","1","OFF_PEAK",1059,1348
2023,6,19,"Bus","1","PEAK",264,349
2023,6,19,"Bus","86","OFF_PEAK",353,488
2023,6,19,"Bus","86","PEAK",226,295
2023,6,20,"Bus","1","OFF_PEAK",975,1316
2023,6,20,"Bus","1","PEAK",247,317
2023,6,20,"Bus","86","OFF_PEAK",320,480
2023,6,20,"Bus","86","PEAK",191,263
2023,6,21,"Bus","1","OFF_PEAK",913,1217
2023,6,21,"Bus","1","PEAK",253,326
2023,6,21,"Bus","86","OFF_PEAK",301,443
2023,6,21,"Bus","86","PEAK",141,216
2023,6,22,"Bus","1","OFF_PEAK",909,1210
2023,6,22,"Bus","1","PEAK",261,364
2023,6,22,"Bus","86","OFF_PEAK",257,415
2023,6,22,"Bus","86","PEAK",147,208
2023,6,23,"Bus","1","OFF_PEAK",413,647
2023,6,23,"Bus","1","PEAK",136,184
2023,6,23,"Bus","86","OFF_PEAK",270,400
2023,6,23,"Bus","86","PEAK",161,222
2023,6,24,"Bus","1","OFF_PEAK",861,1188
2023,6,24,"Bus","86","OFF_PEAK",322,530
2023,6,25,"Bus","1","OFF_PEAK",982,1304
2023,6,25,"Bus","86","OFF_PEAK",175,364
2023,6,26,"Bus","1","OFF_PEAK",862,1131
2023,6,26,"Bus","1","PEAK",303,419
2023,6,26,"Bus","86","OFF_PEAK",294,419
2023,6,26,"Bus","86","PEAK",155,225
2023,6,27,"Bus","1","OFF_PEAK",704,1010
2023,6,27,"Bus","1","PEAK",257,365
2023,6,27,"Bus","86","OFF_PEAK",290,486
2023,6,27,"Bus","86","PEAK",166,233
2023,6,28,"Bus","1","OFF_PEAK",770,1078
2023,6,28,"Bus","1","PEAK",228,333
2023,6,28,"Bus","86","OFF_PEAK",211,367
2023,6,28,"Bus","86","PEAK",129,183
2023,6,29,"Bus","1","OFF_PEAK",940,1297
2023,6,29,"Bus","1","PEAK",318,460
2023,6,29,"Bus","86","OFF_PEAK",256,413
2023,6,29,"Bus","86","PEAK",151,205
2023,6,30,"Bus","1","OFF_PEAK",732,1009
2023,6,30,"Bus","1","PEAK",269,364
2023,6,30,"Bus","86","OFF_PEAK",280,415
2023,6,30,"Bus","86","PEAK",171,219
2023,7,1,"Bus","1","OFF_PEAK",1033,1264
2023,7,1,"Bus","86","OFF_PEAK",341,524
2023,7,2,"Bus","1","OFF_PEAK",1037,1377
2023,7,2,"Bus","86","OFF_PEAK",256,363
2023,7,3,"Bus","1","OFF_PEAK",911,1320
2023,7,3,"Bus","1","PEAK",367,488
2023,7,3,"Bus","86","OFF_PEAK",285,400
2023,7,3,"Bus","86","PEAK",134,181
2023,7,4,"Bus","1","OFF_PEAK",851,1172
2023,7,4,"Bus","86","OFF_PEAK",280,363
2023,7,5,"Bus","1","OFF_PEAK",959,1269
2023,7,5,"Bus","1","PEAK",377,483
2023,7,5,"Bus","86","OFF_PEAK",330,456
2023,7,5,"Bus","86","PEAK",158,201
2023,7,6,"Bus","1","OFF_PEAK",804,1168
2023,7,6,"Bus","1","PEAK",331,460
2023,7,6,"Bus","86","OFF_PEAK",337,461
2023,7,6,"Bus","86","PEAK",151,189
2023,7,7,"Bus","1","OFF_PEAK",637,921
2023,7,7,"Bus","1","PEAK",304,422
2023,7,7,"Bus","86","OFF_PEAK",290,416
2023,7,7,"Bus","86","PEAK",129,150
2023,7,8,"Bus","1","OFF_PEAK",1119,1536
2023,7,8,"Bus","86","OFF_PEAK",364,527
2023,7,9,"Bus","1","OFF_PEAK",948,1285
2023,7,9,"Bus","86","OFF_PEAK",199,352
2023,7,10,"Bus","1","OFF_PEAK",733,1006
2023,7,10,"Bus","1","PEAK",315,412
2023,7,10,"Bus","86","OFF_PEAK",338,488
2023,7,10,"Bus","86","PEAK",190,247
2023,7,11,"Bus","1","OFF_PEAK",708,989
2023,7,11,"Bus","1","PEAK",235,337
2023,7,11,"Bus","86","OFF_PEAK",265,465
2023,7,11,"Bus","86","PEAK",148,212
2023,7,12,"Bus","1","OFF_PEAK",783,1149
2023,7,12,"Bus","1","PEAK",253,338
2023,7,12,"Bus","86","OFF_PEAK",278,463
2023,7,12,"Bus","86","PEAK",144,201
2023,7,13,"Bus","1","OFF_PEAK",700,985
2023,7,13,"Bus","1","PEAK",258,351
2023,7,13,"Bus","86","OFF_PEAK",268,426
2023,7,13,"Bus","86","PEAK",127,184
2023,7,14,"Bus","1","OFF_PEAK",706,944
2023,7,14,"Bus","1","PEAK",258,361
2023,7,14,"Bus","86","OFF_PEAK",252,379
2023,7,14,"Bus","86","PEAK",114,163
2023,7,15,"Bus","1","OFF_PEAK",1095,1453
2023,7,15,"Bus","86","OFF_PEAK",299,529
2023,7,16,"Bus","1","OFF_PEAK",982,1276
2023,7,16,"Bus","86","OFF_PEAK",183,363
2023,7,17,"Bus","1","OFF_PEAK",671,946
2023,7,17,"Bus","1","PEAK",291,386
2023,7,17,"Bus","86","OFF_PEAK",266,433
2023,7,17,"Bus","86","PEAK",106,164
2023,7,18,"Bus","1","OFF_PEAK",739,1075
2023,7,18,"Bus","1","PEAK",369,449
2023,7,18,"Bus","86","OFF_PEAK",260,423
2023,7,18,"Bus","86","PEAK",115,168
2023,7,19,"Bus","1","OFF_PEAK",613,862
2023,7,19,"Bus","1","PEAK",234,316
2023,7,19,"Bus","86","OFF_PEAK",266,418
2023,7,19,"Bus","86","PEAK",110,176
2023,7,20,"Bus","1","OFF_PEAK",687,980
2023,7,20,"Bus","1","PEAK",272,358
2023,7,20,"Bus","86","OFF_PEAK",241,443
2023,7,20,"Bus","86","PEAK",126,195
2023,7,21,"Bus","1","OFF_PEAK",647,968
2023,7,21,"Bus","1","PEAK",207,307
2023,7,21,"Bus","86","OFF_PEAK",208,380
2023,7,21,"Bus","86","PEAK",119,184
2023,7,22,"Bus","1","OFF_PEAK",980,1313
2023,7,22,"Bus","86","OFF_PEAK",382,524
2023,7,23,"Bus","1","OFF_PEAK",833,1164
2023,7,23,"Bus","86","OFF_PEAK",189,360
2023,7,24,"Bus","1","OFF_PEAK",821,1144
2023,7,24,"Bus","1","PEAK",330,422
2023,7,24,"Bus","86","OFF_PEAK",263,442
2023,7,24,"Bus","86","PEAK",106,176
2023,7,25,"Bus","1","OFF_PEAK",696,1042
2023,7,25,"Bus","1","PEAK",255,368
2023,7,25,"Bus","86","OFF_PEAK",240,447
2023,7,25,"Bus","86","PEAK",92,200
2023,7,27,"Bus","1","OFF_PEAK",742,1051
2023,7,27,"Bus","1","PEAK",253,387
2023,7,27,"Bus","86","OFF_PEAK",281,470
2023,7,27,"Bus","86","PEAK",137,189
2023,7,28,"Bus","1","OFF_PEAK",752,1079
2023,7,28,"Bus","1","PEAK",291,395
2023,7,28,"Bus","86","OFF_PEAK",193,401
2023,7,28,"Bus","86","PEAK",134,182
2023,7,29,"Bus","1","OFF_PEAK",1070,1463
2023,7,29,"Bus","86","OFF_PEAK",354,510
2023,7,30,"Bus","1","OFF_PEAK",860,1173
2023,7,30,"Bus","86","OFF_PEAK",153,359
2023,7,31,"Bus","1","OFF_PEAK",740,1041
2023,7,31,"Bus","1","PEAK",281,397
2023,7,31,"Bus","86","OFF_PEAK",293,459
2023,7,31,"Bus","86","PEAK",155,220
2023,8,1,"Bus","1","OFF_PEAK",576,817
2023,8,1,"Bus","1","PEAK",214,286
2023,8,1,"Bus","86","OFF_PEAK",264,451
2023,8,1,"Bus","86","PEAK",120,189
2023,8,2,"Bus","1","OFF_PEAK",660,998
2023,8,2,"Bus","1","PEAK",226,351
2023,8,2,"Bus","86","OFF_PEAK",250,436
2023,8,2,"Bus","86","PEAK",95,164
2023,8,3,"Bus","1","OFF_PEAK",651,941
2023,8,3,"Bus","1","PEAK",309,421
2023,8,3,"Bus","86","OFF_PEAK",312,455
2023,8,3,"Bus","86","PEAK",132,188
2023,8,4,"Bus","1","OFF_PEAK",714,1011
2023,8,4,"Bus","1","PEAK",348,478
2023,8,4,"Bus","86","OFF_PEAK",324,466
2023,8,4,"Bus","86","PEAK",187,216
2023,8,5,"Bus","1","OFF_PEAK",1053,1450
2023,8,5,"Bus","86","OFF_PEAK",324,499
2023,8,6,"Bus","1","OFF_PEAK",1066,1397
2023,8,6,"Bus","86","OFF_PEAK",187,349
2023,8,7,"Bus","1","OFF_PEAK",851,1160
2023,8,7,"Bus","1","PEAK",279,378
2023,8,7,"Bus","86","OFF_PEAK",333,450
2023,8,7,"Bus","86","PEAK",148,191
2023,8,8,"Bus","1","OFF_PEAK",575,794
2023,8,8,"Bus","1","PEAK",206,303
2023,8,8,"Bus","86","OFF_PEAK",306,441
2023,8,8,"Bus","86","PEAK",152,204
2023,8,9,"Bus","1","OFF_PEAK",685,956
2023,8,9,"Bus","1","PEAK",278,411
2023,8,9,"Bus","86","OFF_PEAK",276,413
2023,8,9,"Bus","86","PEAK",166,237
2023,8,10,"Bus","1","OFF_PEAK",717,1012
2023,8,10,"Bus","1","PEAK",251,330
2023,8,10,"Bus","86","OFF_PEAK",302,450
2023,8,10,"Bus","86","PEAK",133,193
2023,8,11,"Bus","1","OFF_PEAK",743,1061
2023,8,11,"Bus","1","PEAK",255,363
2023,8,11,"Bus","86","OFF_PEAK",305,480
2023,8,11,"Bus","86","PEAK",152,225
2023,8,12,"Bus","1","OFF_PEAK",1149,1583
2023,8,12,"Bus","86","OFF_PEAK",383,528
2023,8,13,"Bus","1","OFF_PEAK",805,1069
2023,8,13,"Bus","86","OFF_PEAK",223,362
2023,8,14,"Bus","1","OFF_PEAK",842,1154
2023,8,14,"Bus","1","PEAK",339,446
2023,8,14,"Bus","86","OFF_PEAK",258,396
2023,8,14,"Bus","86","PEAK",149,187
2023,8,15,"Bus","1","OFF_PEAK",756,1047
2023,8,15,"Bus","1","PEAK",229,345
2023,8,15,"Bus","86","OFF_PEAK",339,477
2023,8,15,"Bus","86","PEAK",132,187
2023,8,16,"Bus","1","OFF_PEAK",767,1058
2023,8,16,"Bus","1","PEAK",274,349
2023,8,16,"Bus","86","OFF_PEAK",302,439
2023,8,16,"Bus","86","PEAK",140,197
2023,8,17,"Bus","1","OFF_PEAK",741,1069
2023,8,17,"Bus","1","PEAK",278,377
2023,8,17,"Bus","86","OFF_PEAK",309,449
2023,8,17,"Bus","86","PEAK",154,218
2023,8,18,"Bus","1","OFF_PEAK",687,916
2023,8,18,"Bus","1","PEAK",218,303
2023,8,18,"Bus","86","OFF_PEAK",271,440
2023,8,18,"Bus","86","PEAK",121,189
2023,8,19,"Bus","1","OFF_PEAK",882,1164
2023,8,19,"Bus","86","OFF_PEAK",292,516
2023,8,20,"Bus","1","OFF_PEAK",1111,1403
2023,8,20,"Bus","86","OFF_PEAK",168,331
2023,8,21,"Bus","1","OFF_PEAK",892,1282
2023,8,21,"Bus","1","PEAK",354,488
2023,8,21,"Bus","86","OFF_PEAK",304,435
2023,8,21,"Bus","86","PEAK",126,180
2023,8,22,"Bus","1","OFF_PEAK",688,909
2023,8,22,"Bus","1","PEAK",269,360
2023,8,22,"Bus","86","OFF_PEAK",279,436
2023,8,22,"Bus","86","PEAK",148,205
2023,8,24,"Bus","1","OFF_PEAK",668,923
2023,8,24,"Bus","1","PEAK",263,372
2023,8,24,"Bus","86","OFF_PEAK",296,464
2023,8,24,"Bus","86","PEAK",131,217
2023,8,25,"Bus","1","OFF_PEAK",549,795
2023,8,25,"Bus","1","PEAK",234,266
2023,8,25,"Bus","86","OFF_PEAK",236,372
2023,8,25,"Bus","86","PEAK",132,184
2023,8,26,"Bus","1","OFF_PEAK",813,1084
2023,8,26,"Bus","86","OFF_PEAK",331,500
2023,8,27,"Bus","1","OFF_PEAK",903,1192
2023,8,27,"Bus","86","OFF_PEAK",254,321
2023,8,28,"Bus","1","OFF_PEAK",786,1117
2023,8,28,"Bus","1","PEAK",268,359
2023,8,28,"Bus","86","OFF_PEAK",323,450
2023,8,28,"Bus","86","PEAK",165,217
2023,8,29,"Bus","1","OFF_PEAK",901,1202
2023,8,29,"Bus","1","PEAK",290,401
2023,8,29,"Bus","86","OFF_PEAK",238,394
2023,8,29,"Bus","86","PEAK",140,202
2023,8,30,"Bus","1","OFF_PEAK",831,1219
2023,8,30,"Bus","1","PEAK",297,429
2023,8,30,"Bus","86","OFF_PEAK",254,396
2023,8,30,"Bus","86","PEAK",134,191
2023,8,31,"Bus","1","OFF_PEAK",780,1104
2023,8,31,"Bus","1","PEAK",279,391
2023,8,31,"Bus","86","OFF_PEAK",298,479
2023,8,31,"Bus","86","PEAK",210,285
2023,9,1,"Bus","1","OFF_PEAK",662,999
2023,9,1,"Bus","1","PEAK",247,345
2023,9,1,"Bus","86","OFF_PEAK",282,489
2023,9,1,"Bus","86","PEAK",219,285
2023,9,2,"Bus","1","OFF_PEAK",1140,1493
2023,9,2,"Bus","86","OFF_PEAK",330,499
2023,9,3,"Bus","1","OFF_PEAK",988,1323
2023,9,3,"Bus","86","OFF_PEAK",206,335
2023,9,4,"Bus","1","OFF_PEAK",1071,1375
2023,9,4,"Bus","86","OFF_PEAK",207,335
2023,9,5,"Bus","1","OFF_PEAK",844,1106
2023,9,5,"Bus","1","PEAK",244,344
2023,9,5,"Bus","86","OFF_PEAK",334,482
2023,9,5,"Bus","86","PEAK",175,248
2023,9,6,"Bus","1","OFF_PEAK",824,1120
2023,9,6,"Bus","1","PEAK",228,313
2023,9,6,"Bus","86","OFF_PEAK",281,475
2023,9,6,"Bus","86","PEAK",168,245
2023,9,7,"Bus","1","OFF_PEAK",735,1058
2023,9,7,"Bus","1","PEAK",264,396
2023,9,7,"Bus","86","OFF_PEAK",271,469
2023,9,7,"Bus","86","PEAK",182,278
2023,9,8,"Bus","1","OFF_PEAK",603,952
2023,9,8,"Bus","1","PEAK",170,256
2023,9,8,"Bus","86","OFF_PEAK",281,477
2023,9,8,"Bus","86","PEAK",178,246
2023,9,9,"Bus","1","OFF_PEAK",1144,1460
2023,9,9,"Bus","86","OFF_PEAK",310,500
2023,9,10,"Bus","1","OFF_PEAK",790,1038
2023,9,10,"Bus","86","OFF_PEAK",221,309
2023,9,11,"Bus","1","OFF_PEAK",815,1064
2023,9,11,"Bus","1","PEAK",236,361
2023,9,11,"Bus","86","OFF_PEAK",341,477
2023,9,11,"Bus","86","PEAK",209,268
2023,9,12,"Bus","1","OFF_PEAK",710,996
2023,9,12,"Bus","1","PEAK",291,442
2023,9,12,"Bus","86","OFF_PEAK",248,485
2023,9,12,"Bus","86","PEAK",184,283
2023,9,13,"Bus","1","OFF_PEAK",800,1111
2023,9,13,"Bus","1","PEAK",285,429
2023,9,13,"Bus","86","OFF_PEAK",248,464
2023,9,13,"Bus","86","PEAK",143,222
2023,9,14,"Bus","1","OFF_PEAK",722,1025
2023,9,14,"Bus","1","PEAK",233,333
2023,9,14,"Bus","86","OFF_PEAK",223,481
2023,9,14,"Bus","86","PEAK",177,266
2023,9,15,"Bus","1","OFF_PEAK",642,949
2023,9,15,"Bus","1","PEAK",181,241
2023,9,15,"Bus","86","OFF_PEAK",249,471
2023,9,15,"Bus","86","PEAK",206,284
2023,9,16,"Bus","1","OFF_PEAK",1244,1629
2023,9,16,"Bus","86","OFF_PEAK",370,501
2023,9,17,"Bus","1","OFF_PEAK",1057,1288
2023,9,17,"Bus","86","OFF_PEAK",203,335
2023,9,18,"Bus","1","OFF_PEAK",718,992
2023,9,18,"Bus","1","PEAK",202,288
2023,9,18,"Bus","86","OFF_PEAK",325,470
2023,9,18,"Bus","86","PEAK",177,267
2023,9,19,"Bus","1","OFF_PEAK",826,1143
2023,9,19,"Bus","1","PEAK",310,423
2023,9,19,"Bus","86","OFF_PEAK",283,498
2023,9,19,"Bus","86","PEAK",212,299
2023,9,21,"Bus","1","OFF_PEAK",776,1125
2023,9,21,"Bus","1","PEAK",289,443
2023,9,21,"Bus","86","OFF_PEAK",233,474
2023,9,21,"Bus","86","PEAK",171,256
2023,9,22,"Bus","1","OFF_PEAK",665,1012
2023,9,22,"Bus","1","PEAK",199,318
2023,9,22,"Bus","86","OFF_PEAK",256,487
2023,9,22,"Bus","86","PEAK",181,277
2023,9,23,"Bus","1","OFF_PEAK",1207,1559
2023,9,23,"Bus","86","OFF_PEAK",344,502
2023,9,24,"Bus","1","OFF_PEAK",1043,1394
2023,9,24,"Bus","86","OFF_PEAK",185,320
2023,9,25,"Bus","1","OFF_PEAK",699,990
2023,9,25,"Bus","1","PEAK",274,367
2023,9,25,"Bus","86","OFF_PEAK",327,480
2023,9,25,"Bus","86","PEAK",225,295
2023,9,26,"Bus","1","OFF_PEAK",894,1248
2023,9,26,"Bus","1","PEAK",318,460
2023,9,26,"Bus","86","OFF_PEAK",299,498
2023,9,26,"Bus","86","PEAK",219,299
2023,9,27,"Bus","1","OFF_PEAK",890,1278
2023,9,27,"Bus","1","PEAK",322,484
2023,9,27,"Bus","86","OFF_PEAK",307,497
2023,9,27,"Bus","86","PEAK",223,298
2023,9,28,"Bus","1","OFF_PEAK",804,1092
2023,9,28,"Bus","1","PEAK",263,428
2023,9,28,"Bus","86","OFF_PEAK",270,493
2023,9,28,"Bus","86","PEAK",196,274
2023,9,29,"Bus","1","OFF_PEAK",679,969
2023,9,29,"Bus","1","PEAK",233,337
2023,9,29,"Bus","86","OFF_PEAK",248,472
2023,9,29,"Bus","86","PEAK",169,236
2023,9,30,"Bus","1","OFF_PEAK",1205,1638
2023,9,30,"Bus","86","OFF_PEAK",299,503
2023,10,1,"Bus","1","OFF_PEAK",810,1159
2023,10,1,"Bus","86","OFF_PEAK",202,335
2023,10,2,"Bus","1","OFF_PEAK",778,1111
2023,10,2,"Bus","1","PEAK",349,470
2023,10,2,"Bus","86","OFF_PEAK",331,497
2023,10,2,"Bus","86","PEAK",229,298
2023,10,3,"Bus","1","OFF_PEAK",839,1105
2023,10,3,"Bus","1","PEAK",273,392
2023,10,3,"Bus","86","OFF_PEAK",283,482
2023,10,3,"Bus","86","PEAK",188,273
2023,10,4,"Bus","1","OFF_PEAK",849,1238
2023,10,4,"Bus","1","PEAK",301,455
2023,10,4,"Bus","86","OFF_PEAK",294,499
2023,10,4,"Bus","86","PEAK",220,299
2023,10,5,"Bus","1","OFF_PEAK",855,1190
2023,10,5,"Bus","1","PEAK",319,460
2023,10,5,"Bus","86","OFF_PEAK",312,497
2023,10,5,"Bus","86","PEAK",202,299
2023,10,6,"Bus","1","OFF_PEAK",750,1075
2023,10,6,"Bus","1","PEAK",310,417
2023,10,6,"Bus","86","OFF_PEAK",271,498
2023,10,6,"Bus","86","PEAK",224,299
2023,10,7,"Bus","1","OFF_PEAK",1145,1489
2023,10,7,"Bus","86","OFF_PEAK",344,504
2023,10,8,"Bus","1","OFF_PEAK",971,1309
2023,10,8,"Bus","86","OFF_PEAK",104,324
2023,10,9,"Bus","1","OFF_PEAK",1146,1458
2023,10,9,"Bus","86","OFF_PEAK",357,503
2023,10,10,"Bus","1","OFF_PEAK",878,1249
2023,10,10,"Bus","1","PEAK",279,400
2023,10,10,"Bus","86","OFF_PEAK",343,499
2023,10,10,"Bus","86","PEAK",189,273
2023,10,11,"Bus","1","OFF_PEAK",760,1017
2023,10,11,"Bus","1","PEAK",248,344
2023,10,11,"Bus","86","OFF_PEAK",310,498
2023,10,11,"Bus","86","PEAK",202,299
2023,10,12,"Bus","1","OFF_PEAK",803,1111
2023,10,12,"Bus","1","PEAK",231,350
2023,10,12,"Bus","86","OFF_PEAK",260,494
2023,10,12,"Bus","86","PEAK",174,285
2023,10,13,"Bus","1","OFF_PEAK",681,987
2023,10,13,"Bus","1","PEAK",248,352
2023,10,13,"Bus","86","OFF_PEAK",270,498
2023,10,13,"Bus","86","PEAK",242,299
2023,10,14,"Bus","1","OFF_PEAK",1134,1586
2023,10,14,"Bus","86","OFF_PEAK",398,503
2023,10,15,"Bus","1","OFF_PEAK",1078,1400
2023,10,15,"Bus","86","OFF_PEAK",196,307
2023,10,16,"Bus","1","OFF_PEAK",853,1192
2023,10,16,"Bus","1","PEAK",310,406
2023,10,16,"Bus","86","OFF_PEAK",342,499
2023,10,16,"Bus","86","PEAK",221,299
2023,10,17,"Bus","1","OFF_PEAK",791,1115
2023,10,17,"Bus","1","PEAK",245,363
2023,10,17,"Bus","86","OFF_PEAK",311,498
2023,10,17,"Bus","86","PEAK",210,299
2023,10,18,"Bus","1","OFF_PEAK",731,1048
2023,10,18,"Bus","1","PEAK",185,274
2023,10,18,"Bus","86","OFF_PEAK",337,499
2023,10,18,"Bus","86","PEAK",176,282
2023,10,19,"Bus","1","OFF_PEAK",776,1085
2023,10,19,"Bus","1","PEAK",233,373
2023,10,19,"Bus","86","OFF_PEAK",244,438
2023,10,19,"Bus","86","PEAK",184,267
2023,10,20,"Bus","1","OFF_PEAK",657,944
2023,10,20,"Bus","1","PEAK",239,319
2023,10,20,"Bus","86","OFF_PEAK",240,480
2023,10,20,"Bus","86","PEAK",185,257
2023,10,21,"Bus","1","OFF_PEAK",885,1179
2023,10,21,"Bus","86","OFF_PEAK",225,503
2023,10,22,"Bus","1","OFF_PEAK",957,1257
2023,10,22,"Bus","86","OFF_PEAK",114,334
2023,10,23,"Bus","1","OFF_PEAK",852,1137
2023,10,23,"Bus","1","PEAK",289,392
2023,10,23,"Bus","86","OFF_PEAK",329,480
2023,10,23,"Bus","86","PEAK",222,298
2023,10,24,"Bus","1","OFF_PEAK",707,964
2023,10,24,"Bus","1","PEAK",189,317
2023,10,24,"Bus","86","OFF_PEAK",359,499
2023,10,24,"Bus","86","PEAK",213,296
2023,10,25,"Bus","1","OFF_PEAK",768,1043
2023,10,25,"Bus","1","PEAK",259,410
2023,10,25,"Bus","86","OFF_PEAK",307,484
2023,10,25,"Bus","86","PEAK",203,280
2023,10,26,"Bus","1","OFF_PEAK",749,1065
2023,10,26,"Bus","1","PEAK",276,399
2023,10,26,"Bus","86","OFF_PEAK",260,480
2023,10,26,"Bus","86","PEAK",190,283
2023,10,27,"Bus","1","OFF_PEAK",683,998
2023,10,27,"Bus","1","PEAK",242,335
2023,10,27,"Bus","86","OFF_PEAK",247,481
2023,10,27,"Bus","86","PEAK",223,297
2023,10,28,"Bus","1","OFF_PEAK",1005,1386
2023,10,28,"Bus","86","OFF_PEAK",213,502
2023,10,29,"Bus","1","OFF_PEAK",1152,1387
2023,10,29,"Bus","86","OFF_PEAK",232,333
2023,10,30,"Bus","1","OFF_PEAK",801,1157
2023,10,30,"Bus","1","PEAK",234,323
2023,10,30,"Bus","86","OFF_PEAK",341,499
2023,10,30,"Bus","86","PEAK",210,298
2023,10,31,"Bus","1","OFF_PEAK",641,908
2023,10,31,"Bus","1","PEAK",205,302
2023,10,31,"Bus","86","OFF_PEAK",300,450
2023,10,31,"Bus","86","PEAK",148,224
2023,11,1,"Bus","1","OFF_PEAK",855,1180
2023,11,1,"Bus","1","PEAK",285,446
2023,11,1,"Bus","86","OFF_PEAK",320,482
2023,11,1,"Bus","86","PEAK",202,285
2023,11,2,"Bus","1","OFF_PEAK",702,1023
2023,11,2,"Bus","1","PEAK",249,335
2023,11,2,"Bus","86","OFF_PEAK",281,457
2023,11,2,"Bus","86","PEAK",189,262
2023,11,3,"Bus","1","OFF_PEAK",659,990
2023,11,3,"Bus","1","PEAK",234,347
2023,11,3,"Bus","86","OFF_PEAK",284,490
2023,11,3,"Bus","86","PEAK",230,284
2023,11,4,"Bus","1","OFF_PEAK",1078,1459
2023,11,4,"Bus","86","OFF_PEAK",307,497
2023,11,5,"Bus","1","OFF_PEAK",975,1282
2023,11,5,"Bus","86","OFF_PEAK",200,318
2023,11,6,"Bus","1","OFF_PEAK",750,1010
2023,11,6,"Bus","1","PEAK",210,309
2023,11,6,"Bus","86","OFF_PEAK",321,452
2023,11,6,"Bus","86","PEAK",195,257
2023,11,7,"Bus","1","OFF_PEAK",548,767
2023,11,7,"Bus","1","PEAK",181,278
2023,11,7,"Bus","86","OFF_PEAK",324,495
2023,11,7,"Bus","86","PEAK",209,298
2023,11,8,"Bus","1","OFF_PEAK",675,922
2023,11,8,"Bus","1","PEAK",184,295
2023,11,8,"Bus","86","OFF_PEAK",316,487
2023,11,8,"Bus","86","PEAK",231,294
2023,11,9,"Bus","1","OFF_PEAK",724,966
2023,11,9,"Bus","1","PEAK",268,375
2023,11,9,"Bus","86","OFF_PEAK",259,481
2023,11,9,"Bus","86","PEAK",189,299
2023,11,10,"Bus","1","OFF_PEAK",791,1157
2023,11,10,"Bus","1","PEAK",323,438
2023,11,10,"Bus","86","OFF_PEAK",292,492
2023,11,10,"Bus","86","PEAK",228,295
2023,11,12,"Bus","1","OFF_PEAK",1007,1335
2023,11,12,"Bus","86","OFF_PEAK",232,336
2023,11,13,"Bus","1","OFF_PEAK",528,791
2023,11,13,"Bus","1","PEAK",208,321
2023,11,13,"Bus","86","OFF_PEAK",319,480
2023,11,13,"Bus","86","PEAK",241,293
2023,11,14,"Bus","1","OFF_PEAK",738,956
2023,11,14,"Bus","1","PEAK",231,321
2023,11,14,"Bus","86","OFF_PEAK",285,408
2023,11,14,"Bus","86","PEAK",155,223
2023,11,15,"Bus","1","OFF_PEAK",771,1095
2023,11,15,"Bus","1","PEAK",245,358
2023,11,15,"Bus","86","OFF_PEAK",341,475
2023,11,15,"Bus","86","PEAK",198,260
2023,11,16,"Bus","1","OFF_PEAK",702,975
2023,11,16,"Bus","1","PEAK",286,426
2023,11,16,"Bus","86","OFF_PEAK",228,412
2023,11,16,"Bus","86","PEAK",175,258
2023,11,17,"Bus","1","OFF_PEAK",763,1059
2023,11,17,"Bus","1","PEAK",247,363
2023,11,17,"Bus","86","OFF_PEAK",293,494
2023,11,17,"Bus","86","PEAK",238,299
2023,11,18,"Bus","1","OFF_PEAK",1195,1637
2023,11,18,"Bus","86","OFF_PEAK",386,503
2023,11,19,"Bus","1","OFF_PEAK",1148,1414
2023,11,19,"Bus","86","OFF_PEAK",252,334
2023,11,20,"Bus","1","OFF_PEAK",626,830
2023,11,20,"Bus","1","PEAK",225,312
2023,11,20,"Bus","86","OFF_PEAK",308,448
2023,11,20,"Bus","86","PEAK",189,264
2023,11,21,"Bus","1","OFF_PEAK",707,1048
2023,11,21,"Bus","1","PEAK",273,368
2023,11,21,"Bus","86","OFF_PEAK",284,471
2023,11,21,"Bus","86","PEAK",190,255
2023,11,22,"Bus","1","OFF_PEAK",876,1153
2023,11,22,"Bus","1","PEAK",360,465
2023,11,22,"Bus","86","OFF_PEAK",324,498
2023,11,22,"Bus","86","PEAK",233,285
2023,11,23,"Bus","1","OFF_PEAK",1136,1425
2023,11,23,"Bus","86","OFF_PEAK",212,330
2023,11,24,"Bus","1","OFF_PEAK",940,1182
2023,11,24,"Bus","1","PEAK",312,383
2023,11,24,"Bus","86","OFF_PEAK",382,496
2023,11,24,"Bus","86","PEAK",228,294
2023,11,25,"Bus","1","OFF_PEAK",1330,1692
2023,11,25,"Bus","86","OFF_PEAK",366,494
2023,11,26,"Bus","1","OFF_PEAK",1132,1367
2023,11,26,"Bus","86","OFF_PEAK",229,335
2023,11,27,"Bus","1","OFF_PEAK",800,1100
2023,11,27,"Bus","1","PEAK",230,341
2023,11,27,"Bus","86","OFF_PEAK",335,497
2023,11,27,"Bus","86","PEAK",220,295
2023,11,28,"Bus","1","OFF_PEAK",755,1055
2023,11,28,"Bus","1","PEAK",263,387
2023,11,28,"Bus","86","OFF_PEAK",308,476
2023,11,28,"Bus","86","PEAK",218,271
2023,11,29,"Bus","1","OFF_PEAK",842,1142
2023,11,29,"Bus","1","PEAK",292,434
2023,11,29,"Bus","86","OFF_PEAK",336,474
2023,11,29,"Bus","86","PEAK",190,269
2023,11,30,"Bus","1","OFF_PEAK",756,1085
2023,11,30,"Bus","1","PEAK",232,352
2023,11,30,"Bus","86","OFF_PEAK",290,485
2023,11,30,"Bus","86","PEAK",200,283
2023,12,1,"Bus","1","OFF_PEAK",662,920
2023,12,1,"Bus","1","PEAK",148,212
2023,12,1,"Bus","86","OFF_PEAK",261,480
2023,12,1,"Bus","86","PEAK",204,283
2023,12,2,"Bus","1","OFF_PEAK",1153,1451
2023,12,2,"Bus","86","OFF_PEAK",266,498
2023,12,3,"Bus","1","OFF_PEAK",956,1170
2023,12,3,"Bus","86","OFF_PEAK",225,334
2023,12,4,"Bus","1","OFF_PEAK",767,1041
2023,12,4,"Bus","1","PEAK",269,388
2023,12,4,"Bus","86","OFF_PEAK",334,490
2023,12,4,"Bus","86","PEAK",236,299
2023,12,5,"Bus","1","OFF_PEAK",701,986
2023,12,5,"Bus","1","PEAK",287,413
2023,12,5,"Bus","86","OFF_PEAK",318,488
2023,12,5,"Bus","86","PEAK",209,282
2023,12,6,"Bus","1","OFF_PEAK",722,1028
2023,12,6,"Bus","1","PEAK",198,285
2023,12,6,"Bus","86","OFF_PEAK",316,456
2023,12,6,"Bus","86","PEAK",183,267
2023,12,7,"Bus","1","OFF_PEAK",711,1002
2023,12,7,"Bus","1","PEAK",203,280
2023,12,7,"Bus","86","OFF_PEAK",302,479
2023,12,7,"Bus","86","PEAK",192,267
2023,12,8,"Bus","1","OFF_PEAK",536,776
2023,12,8,"Bus","1","PEAK",127,183
2023,12,8,"Bus","86","OFF_PEAK",209,427
2023,12,8,"Bus","86","PEAK",162,220
2023,12,9,"Bus","1","OFF_PEAK",807,1148
2023,12,9,"Bus","86","OFF_PEAK",330,494
2023,12,10,"Bus","1","OFF_PEAK",872,1140
2023,12,10,"Bus","86","OFF_PEAK",253,336
2023,12,11,"Bus","1","OFF_PEAK",670,839
2023,12,11,"Bus","1","PEAK",122,174
2023,12,11,"Bus","86","OFF_PEAK",337,480
2023,12,11,"Bus","86","PEAK",219,269
2023,12,12,"Bus","1","OFF_PEAK",762,1060
2023,12,12,"Bus","1","PEAK",263,372
2023,12,12,"Bus","86","OFF_PEAK",304,421
2023,12,12,"Bus","86","PEAK",193,254
2023,12,13,"Bus","1","OFF_PEAK",734,964
2023,12,13,"Bus","1","PEAK",169,266
2023,12,13,"Bus","86","OFF_PEAK",267,416
2023,12,13,"Bus","86","PEAK",170,221
2023,12,14,"Bus","1","OFF_PEAK",685,923
2023,12,14,"Bus","1","PEAK",274,412
2023,12,14,"Bus","86","OFF_PEAK",256,436
2023,12,14,"Bus","86","PEAK",199,269
2023,12,15,"Bus","1","OFF_PEAK",581,856
2023,12,15,"Bus","1","PEAK",143,191
2023,12,15,"Bus","86","OFF_PEAK",276,449
2023,12,15,"Bus","86","PEAK",144,214
2023,12,16,"Bus","1","OFF_PEAK",1096,1386
2023,12,16,"Bus","86","OFF_PEAK",334,493
2023,12,17,"Bus","1","OFF_PEAK",723,938
2023,12,17,"Bus","86","OFF_PEAK",250,322
2023,12,18,"Bus","1","OFF_PEAK",596,759
2023,12,18,"Bus","1","PEAK",219,279
2023,12,18,"Bus","86","OFF_PEAK",349,426
2023,12,18,"Bus","86","PEAK",189,246
2023,12,19,"Bus","1","OFF_PEAK",801,1052
2023,12,19,"Bus","1","PEAK",214,303
2023,12,19,"Bus","86","OFF_PEAK",352,473
2023,12,19,"Bus","86","PEAK",198,250
2023,12,20,"Bus","1","OFF_PEAK",887,1149
2023,12,20,"Bus","1","PEAK",308,373
2023,12,20,"Bus","86","OFF_PEAK",292,452
2023,12,20,"Bus","86","PEAK",181,254
2023,12,21,"Bus","1","OFF_PEAK",776,1040
2023,12,21,"Bus","1","PEAK",238,310
2023,12,21,"Bus","86","OFF_PEAK",294,445
2023,12,21,"Bus","86","PEAK",161,219
2023,12,22,"Bus","1","OFF_PEAK",618,815
2023,12,22,"Bus","1","PEAK",182,234
2023,12,22,"Bus","86","OFF_PEAK",353,472
2023,12,22,"Bus","86","PEAK",231,283
2023,12,23,"Bus","1","OFF_PEAK",1296,1663
2023,12,23,"Bus","86","OFF_PEAK",343,498
2023,12,24,"Bus","1","OFF_PEAK",1089,1314
2023,12,24,"Bus","86","OFF_PEAK",231,335
2023,12,25,"Bus","1","OFF_PEAK",911,1129
2023,12,25,"Bus","86","OFF_PEAK",176,335
2023,12,26,"Bus","1","OFF_PEAK",892,1126
2023,12,26,"Bus","1","PEAK",339,404
2023,12,26,"Bus","86","OFF_PEAK",273,445
2023,12,26,"Bus","86","PEAK",181,250
2023,12,27,"Bus","1","OFF_PEAK",901,1217
2023,12,27,"Bus","1","PEAK",338,405
2023,12,27,"Bus","86","OFF_PEAK",371,489
2023,12,27,"Bus","86","PEAK",234,277
2023,12,28,"Bus","1","OFF_PEAK",985,1279
2023,12,28,"Bus","1","PEAK",269,332
2023,12,28,"Bus","86","OFF_PEAK",324,444
2023,12,28,"Bus","86","PEAK",175,238
2023,12,29,"Bus","1","OFF_PEAK",986,1293
2023,12,29,"Bus","1","PEAK",400,487
2023,12,29,"Bus","86","OFF_PEAK",380,471
2023,12,29,"Bus","86","PEAK",236,278
2023,12,30,"Bus","1","OFF_PEAK",1344,1710
2023,12,30,"Bus","86","OFF_PEAK",306,503
2023,12,31,"Bus","1","OFF_PEAK",1105,1441
2023,12,31,"Bus","86","OFF_PEAK",226,331
